,Class,gene_0,gene_1,gene_2,gene_3,gene_4,gene_5,gene_6,gene_7,gene_8,gene_9,gene_10,gene_11,gene_12,gene_13,gene_14,gene_15,gene_16,gene_17,gene_18,gene_19,gene_20,gene_21,gene_22,gene_23,gene_24,gene_25,gene_26,gene_27,gene_28,gene_29
sample_0,PRAD,0.0,2.01720929003,3.26552691165,5.47848651208,10.4319989607,0.0,7.17517526213,0.591870870063,0.0,0.0,0.591870870063,1.3342822253,2.01539051939,0.591870870063,0.0,0.0,0.0,0.0,0.591870870063,5.61999396281,1.3342822253,0.0,9.79608829288,0.0,0.0,1.59865104788,7.21511554062,10.8390699073,6.62020369363,9.51353811877
sample_1,LUAD,0.0,0.592732094867,1.58842082049,7.58615673813,9.62301085621,0.0,6.81604924768,0.0,0.0,0.0,0.0,0.587845009254,2.46660101949,1.00439352315,0.0,0.0,0.0,0.0,0.0,11.0552078582,3.56262098658,0.0,10.0704698332,0.0,0.0,0.0,9.94981212327,8.5224756055,1.17478989305,4.9269909306
sample_2,PRAD,0.0,3.5117589779,4.32719871937,6.88178695937,9.87072997113,0.0,6.97212970934,0.452595434703,0.0,0.0,0.0,0.452595434703,1.98112198979,1.07416287551,0.0,0.0,0.0,0.0,1.68302266506,8.21024760403,4.19528459716,3.66042667498,8.97091978401,0.0,0.0,0.796597754048,6.09664980353,9.86161579722,7.68050721417,3.11943918357
sample_3,PRAD,0.0,3.66361787431,4.50764877794,6.65906827484,10.1961840717,0.0,7.84337463893,0.434881719407,0.0,0.0,0.0,0.434881719407,2.87424613872,0.0,0.0,0.0,0.0,0.0,1.26735601178,8.30631693043,3.5735563062,0.0,8.52461614952,0.0,0.0,0.0,3.91376067636,9.51157279975,6.46916477404,7.02989454966
sample_4,BRCA,0.0,2.65574107476,2.82154695883,6.53945352515,9.73826456185,0.0,6.56696732901,0.360982241369,0.0,0.0,0.0,1.27584142314,2.14120387736,0.0,0.0,0.0,0.0,0.0,0.88970715844,10.1491501063,2.96762975347,0.0,8.04723845046,0.0,1.43594856486,0.0,1.94212034944,8.82153484143,5.86142938907,7.75570880302
sample_5,PRAD,0.0,3.46785331372,3.58191760772,6.62024328973,9.70682924127,0.0,7.75850972617,0.0,0.0,0.0,0.515409693386,0.515409693386,2.51679681539,0.0,0.0,0.0,0.0,0.89429393355,0.89429393355,6.84276517646,2.80966138944,4.00290050611,7.6639351836,0.0,0.0,1.19415010559,0.89429393355,9.62838721143,7.22044604691,7.01275860691
sample_6,KIRC,0.0,1.224966365,1.69117679681,6.57200741498,9.64051067136,0.0,6.75488750216,0.531867995606,0.0,0.0,3.173926932,1.47679641898,3.02384082926,0.0,0.0,0.0,0.0,0.0,9.46687790598,7.42419988831,1.224966365,0.0,9.97363997302,0.0,0.0,0.0,0.0,9.50897724457,4.48542038655,8.63317688533
sample_7,PRAD,0.0,2.85485342652,1.75047787844,7.22672044861,9.75869126501,0.0,5.95210288448,0.0,0.0,0.0,0.441802154629,0.0,2.40585624995,0.0,0.779553903495,0.0,0.0,0.0,0.0,7.37343071197,2.30486145149,0.0,8.92200750668,0.0,0.0,0.0,5.14552665716,9.40627942402,4.66471037684,5.70519277354
sample_8,BRCA,0.0,3.99212487426,2.77273024777,6.54669231412,10.4882518866,0.0,7.69022151943,0.352306552906,0.0,4.06760430103,1.41131776834,1.25283949138,2.57997659719,0.0,0.0,0.0,0.0,0.0,0.635336494705,10.1476246958,4.28790811113,4.77382757898,8.34397626007,0.0,0.0,0.0,6.08037412715,7.60053737907,2.82493074529,4.93423340742
sample_9,PRAD,0.0,3.64249364243,4.42355800269,6.84951144203,9.46446610892,0.0,7.94721612097,0.724213686757,0.0,0.0,0.0,1.20414071678,2.29631056071,0.0,0.0,0.0,0.0,0.0,0.0,7.85678032261,1.20414071678,5.78439143157,6.02005098306,0.0,0.0,0.0,0.724213686757,9.87131233293,6.11810427455,6.28421057865
sample_10,BRCA,0.0,3.49207108711,3.553372792,7.15170663424,10.2534456958,0.0,8.30125839364,0.0,0.0,0.0,0.0,1.99956712655,3.38196163969,0.0,0.0,0.0,0.0,0.0,1.65168318063,7.96522441036,2.14639454906,0.0,8.11540785541,0.0,0.0,0.0,3.92003599347,9.54053298277,7.61729848284,8.35323064938
sample_11,KIRC,0.0,2.94118144936,2.66327629754,6.56168966691,9.37629255419,0.0,7.86032347182,0.754117859552,0.0,0.0,2.44964060512,1.02140865694,3.15309191722,0.0,0.754117859552,0.0,0.0,0.0,8.73235400555,9.79618241072,4.84831746984,0.0,8.61473192601,0.0,0.0,0.754117859552,0.0,9.50114651591,6.69547887056,5.58360933973
sample_12,PRAD,0.0,3.9703475182,2.36429227014,7.1454431001,9.24060531982,0.0,7.8107579842,0.0,0.0,0.0,1.12201002013,1.56598704075,2.69826293655,0.477366480067,0.477366480067,0.0,0.0,0.0,0.0,9.21703194414,3.43348028644,0.0,8.17414172171,0.0,0.0,0.477366480067,2.78291174288,9.30999013008,6.62992775596,5.12572135034
sample_13,BRCA,0.0,1.5510483733,3.52984592804,6.3268249381,10.6338489327,0.0,8.94465935889,0.0,0.0,0.0,1.41364823661,0.501821265421,2.47928230687,1.16864203556,0.0,0.0,0.0,0.0,0.0,8.52653445025,0.0,0.0,10.7178477543,0.0,0.0,0.0,1.41364823661,11.2507602907,4.93249588029,8.15604767229
sample_14,BRCA,0.0,1.9648421858,2.18301003676,6.59683230199,10.2481410545,0.0,7.08725066461,0.441483479583,0.0,0.0,0.0,0.0,2.89621371352,1.48036853735,0.0,0.0,0.0,0.0,0.0,7.99349888205,2.75030635875,4.24045935488,9.58009082443,0.0,0.0,0.0,0.441483479583,9.03071954678,7.46886837425,8.24519139306
