,Class
sample_391,BRCA
sample_148,LUAD
sample_595,KIRC
sample_770,BRCA
sample_493,COAD
sample_706,LUAD
sample_526,PRAD
sample_480,PRAD
sample_223,KIRC
sample_455,KIRC
sample_465,PRAD
sample_450,PRAD
sample_762,BRCA
sample_384,PRAD
sample_133,BRCA
sample_203,KIRC
sample_365,PRAD
sample_268,BRCA
sample_537,PRAD
sample_547,KIRC
sample_513,LUAD
sample_408,LUAD
sample_581,LUAD
sample_745,COAD
sample_98,PRAD
sample_696,BRCA
sample_579,PRAD
sample_16,LUAD
sample_273,PRAD
sample_252,COAD
sample_569,BRCA
sample_574,BRCA
sample_644,LUAD
sample_95,PRAD
sample_232,COAD
sample_627,BRCA
sample_540,BRCA
sample_146,PRAD
sample_220,KIRC
sample_718,KIRC
sample_638,BRCA
sample_82,BRCA
sample_678,PRAD
sample_26,COAD
sample_753,BRCA
sample_0,PRAD
sample_585,COAD
sample_111,BRCA
sample_379,COAD
sample_18,KIRC
sample_225,BRCA
sample_323,BRCA
sample_300,BRCA
sample_169,BRCA
sample_46,PRAD
sample_176,BRCA
sample_417,BRCA
sample_608,BRCA
sample_548,PRAD
sample_705,BRCA
sample_760,BRCA
sample_145,COAD
sample_213,BRCA
sample_238,BRCA
sample_188,BRCA
sample_370,BRCA
sample_482,KIRC
sample_536,BRCA
sample_520,BRCA
sample_132,COAD
sample_215,BRCA
sample_619,BRCA
sample_725,BRCA
sample_31,BRCA
sample_429,BRCA
sample_71,BRCA
sample_362,LUAD
sample_97,BRCA
sample_110,PRAD
sample_564,LUAD
sample_364,KIRC
sample_305,BRCA
sample_163,BRCA
sample_741,PRAD
sample_456,LUAD
sample_243,PRAD
sample_156,BRCA
sample_330,PRAD
sample_276,BRCA
sample_441,BRCA
sample_345,LUAD
sample_693,COAD
sample_235,PRAD
sample_7,PRAD
sample_395,LUAD
sample_201,KIRC
sample_285,BRCA
sample_37,LUAD
sample_730,KIRC
sample_186,LUAD
sample_76,BRCA
sample_676,KIRC
sample_565,PRAD
sample_427,PRAD
sample_349,LUAD
sample_708,BRCA
sample_633,BRCA
sample_712,BRCA
sample_50,BRCA
sample_546,BRCA
sample_144,LUAD
sample_234,KIRC
sample_83,BRCA
sample_335,PRAD
sample_781,KIRC
sample_99,BRCA
sample_383,COAD
sample_138,KIRC
sample_372,PRAD
sample_180,COAD
sample_645,LUAD
sample_89,BRCA
sample_105,KIRC
sample_77,KIRC
sample_9,PRAD
sample_501,COAD
sample_747,BRCA
sample_87,BRCA
sample_139,COAD
sample_697,LUAD
sample_42,PRAD
sample_653,KIRC
sample_483,PRAD
sample_615,KIRC
sample_692,COAD
sample_193,PRAD
sample_258,PRAD
sample_597,COAD
sample_14,BRCA
sample_495,BRCA
sample_641,BRCA
sample_44,KIRC
sample_229,LUAD
sample_227,PRAD
sample_152,BRCA
sample_449,BRCA
sample_291,KIRC
sample_45,BRCA
sample_713,COAD
sample_756,BRCA
sample_363,COAD
sample_171,LUAD
sample_380,KIRC
sample_96,COAD
sample_22,LUAD
sample_452,BRCA
sample_187,LUAD
sample_667,KIRC
sample_257,PRAD
sample_271,BRCA
sample_178,BRCA
sample_563,LUAD
sample_665,COAD
sample_116,KIRC
sample_85,PRAD
sample_497,BRCA
sample_230,LUAD
sample_748,KIRC
sample_398,BRCA
sample_496,PRAD
sample_618,COAD
sample_43,KIRC
sample_403,LUAD
sample_309,BRCA
sample_80,BRCA
sample_659,LUAD
sample_64,PRAD
sample_15,BRCA
sample_373,LUAD
sample_181,KIRC
sample_729,KIRC
sample_25,LUAD
sample_514,BRCA
sample_214,PRAD
sample_539,COAD
sample_432,BRCA
sample_673,BRCA
sample_48,BRCA
sample_679,KIRC
sample_742,BRCA
sample_691,LUAD
sample_639,BRCA
sample_226,KIRC
sample_60,LUAD
sample_23,BRCA
sample_255,KIRC
sample_437,BRCA
sample_580,LUAD
sample_532,BRCA
sample_275,PRAD
sample_511,KIRC
sample_567,KIRC
sample_184,PRAD
sample_791,BRCA
sample_794,PRAD
sample_522,BRCA
sample_726,BRCA
sample_412,BRCA
sample_451,BRCA
sample_446,KIRC
sample_326,BRCA
sample_438,KIRC
sample_759,LUAD
sample_719,BRCA
sample_342,BRCA
sample_216,BRCA
sample_734,BRCA
sample_491,LUAD
sample_333,BRCA
sample_515,BRCA
sample_519,PRAD
sample_270,KIRC
sample_655,BRCA
sample_743,PRAD
sample_657,PRAD
sample_576,LUAD
sample_675,LUAD
sample_779,LUAD
sample_800,PRAD
sample_6,KIRC
sample_613,COAD
sample_704,PRAD
sample_556,BRCA
sample_658,PRAD
sample_400,COAD
sample_197,BRCA
sample_39,BRCA
sample_685,LUAD
sample_162,KIRC
sample_47,COAD
sample_209,LUAD
sample_428,KIRC
sample_117,KIRC
sample_388,KIRC
sample_231,PRAD
sample_334,LUAD
sample_610,PRAD
sample_208,BRCA
sample_341,BRCA
sample_695,BRCA
sample_308,COAD
sample_423,KIRC
sample_167,KIRC
sample_570,COAD
sample_280,BRCA
sample_453,BRCA
sample_256,PRAD
sample_419,LUAD
sample_130,COAD
sample_325,BRCA
sample_421,BRCA
sample_368,BRCA
sample_524,KIRC
sample_150,LUAD
sample_386,BRCA
sample_744,BRCA
sample_671,BRCA
sample_443,PRAD
sample_788,PRAD
sample_253,BRCA
sample_298,LUAD
sample_559,KIRC
sample_573,BRCA
sample_402,BRCA
sample_328,BRCA
sample_175,BRCA
sample_436,BRCA
sample_346,BRCA
sample_723,BRCA
sample_11,KIRC
sample_410,BRCA
sample_113,PRAD
sample_650,COAD
sample_281,BRCA
sample_202,KIRC
sample_322,KIRC
sample_265,PRAD
sample_448,PRAD
sample_159,LUAD
sample_306,BRCA
sample_664,BRCA
sample_374,PRAD
sample_228,BRCA
sample_554,KIRC
sample_766,COAD
sample_367,BRCA
sample_636,LUAD
sample_61,KIRC
sample_385,BRCA
sample_716,KIRC
sample_297,BRCA
sample_242,PRAD
sample_88,KIRC
sample_490,COAD
sample_340,BRCA
sample_772,BRCA
sample_1,LUAD
sample_336,KIRC
sample_63,LUAD
sample_687,PRAD
sample_212,PRAD
sample_431,COAD
sample_477,PRAD
sample_173,LUAD
sample_420,BRCA
sample_393,BRCA
sample_703,KIRC
sample_331,BRCA
sample_251,PRAD
sample_290,KIRC
sample_74,BRCA
sample_792,BRCA
sample_702,LUAD
sample_440,LUAD
sample_128,KIRC
sample_4,BRCA
sample_279,BRCA
sample_165,LUAD
sample_738,LUAD
sample_620,PRAD
sample_518,LUAD
sample_624,PRAD
sample_542,COAD
sample_666,LUAD
sample_418,BRCA
sample_680,PRAD
sample_561,COAD
sample_286,BRCA
sample_616,BRCA
sample_93,BRCA
sample_474,LUAD
sample_589,LUAD
sample_442,BRCA
sample_649,KIRC
sample_277,BRCA
sample_303,LUAD
sample_714,PRAD
sample_154,LUAD
sample_360,BRCA
sample_278,KIRC
sample_317,BRCA
sample_751,BRCA
sample_473,COAD
sample_310,PRAD
sample_199,LUAD
sample_416,LUAD
sample_605,BRCA
sample_575,KIRC
sample_327,KIRC
sample_527,LUAD
sample_58,KIRC
sample_637,BRCA
sample_206,BRCA
sample_795,LUAD
sample_272,COAD
sample_353,COAD
sample_486,PRAD
sample_302,COAD
sample_799,PRAD
sample_663,BRCA
sample_224,LUAD
sample_447,LUAD
sample_763,LUAD
sample_68,KIRC
sample_351,KIRC
sample_91,PRAD
sample_765,KIRC
sample_749,LUAD
sample_737,BRCA
sample_221,LUAD
sample_51,LUAD
sample_739,BRCA
sample_164,PRAD
sample_157,PRAD
sample_90,PRAD
sample_5,PRAD
sample_535,BRCA
sample_444,COAD
sample_715,PRAD
sample_550,LUAD
sample_699,KIRC
sample_489,BRCA
sample_780,LUAD
sample_512,LUAD
sample_185,PRAD
sample_67,PRAD
sample_30,BRCA
sample_261,COAD
sample_628,KIRC
sample_470,BRCA
sample_461,LUAD
sample_124,PRAD
sample_413,PRAD
sample_304,PRAD
sample_611,BRCA
sample_601,PRAD
sample_390,PRAD
sample_462,LUAD
sample_241,LUAD
sample_521,KIRC
sample_656,PRAD
sample_324,BRCA
sample_727,BRCA
sample_609,PRAD
sample_222,KIRC
sample_508,LUAD
sample_468,KIRC
sample_283,LUAD
sample_2,PRAD
sample_612,BRCA
sample_460,BRCA
sample_20,BRCA
sample_672,BRCA
sample_121,KIRC
sample_648,LUAD
sample_375,BRCA
sample_785,BRCA
sample_361,COAD
sample_114,BRCA
sample_488,BRCA
sample_662,COAD
sample_599,LUAD
sample_604,LUAD
sample_711,KIRC
sample_75,LUAD
sample_211,BRCA
sample_119,BRCA
sample_38,BRCA
sample_307,BRCA
sample_155,BRCA
sample_586,LUAD
sample_158,PRAD
sample_295,KIRC
sample_17,KIRC
sample_84,PRAD
sample_72,BRCA
sample_27,BRCA
sample_590,COAD
sample_371,COAD
sample_115,KIRC
sample_767,COAD
sample_752,PRAD
sample_472,KIRC
sample_312,COAD
sample_381,KIRC
sample_318,KIRC
sample_136,LUAD
sample_66,BRCA
sample_789,KIRC
sample_210,LUAD
sample_79,COAD
sample_313,LUAD
sample_593,BRCA
sample_757,BRCA
sample_538,KIRC
sample_183,PRAD
sample_355,LUAD
sample_646,KIRC
sample_435,KIRC
sample_596,KIRC
sample_721,LUAD
sample_35,BRCA
sample_262,LUAD
sample_458,KIRC
sample_147,BRCA
sample_669,KIRC
sample_471,PRAD
sample_614,BRCA
sample_494,LUAD
sample_314,LUAD
sample_764,KIRC
sample_40,KIRC
sample_218,LUAD
sample_107,COAD
sample_401,PRAD
sample_101,KIRC
sample_621,BRCA
sample_700,KIRC
sample_533,KIRC
sample_337,BRCA
sample_758,BRCA
sample_694,BRCA
sample_603,BRCA
sample_731,PRAD
sample_568,BRCA
sample_459,BRCA
sample_689,KIRC
sample_237,COAD
sample_457,BRCA
sample_69,BRCA
sample_602,KIRC
sample_578,BRCA
sample_531,COAD
sample_245,LUAD
sample_204,KIRC
sample_239,KIRC
sample_467,BRCA
sample_135,KIRC
sample_387,COAD
sample_259,BRCA
sample_377,PRAD
sample_389,BRCA
sample_29,BRCA
sample_545,BRCA
sample_10,BRCA
sample_247,BRCA
sample_59,BRCA
sample_161,LUAD
sample_103,KIRC
sample_583,KIRC
sample_755,COAD
sample_668,BRCA
sample_394,LUAD
sample_690,PRAD
sample_492,KIRC
sample_544,BRCA
sample_549,LUAD
sample_424,LUAD
sample_784,BRCA
sample_28,BRCA
sample_347,BRCA
sample_73,LUAD
sample_724,KIRC
sample_617,BRCA
sample_594,BRCA
sample_560,BRCA
sample_200,BRCA
sample_65,COAD
sample_415,BRCA
sample_640,PRAD
sample_566,LUAD
sample_3,PRAD
sample_771,LUAD
sample_122,LUAD
sample_553,COAD
sample_397,LUAD
sample_588,COAD
sample_463,KIRC
sample_396,KIRC
sample_109,LUAD
sample_32,KIRC
sample_530,COAD
sample_485,LUAD
sample_720,LUAD
sample_783,PRAD
sample_786,KIRC
sample_62,BRCA
sample_509,LUAD
sample_299,PRAD
sample_219,BRCA
sample_177,PRAD
sample_710,BRCA
sample_479,BRCA
sample_499,PRAD
sample_56,BRCA
sample_191,KIRC
sample_293,BRCA
sample_775,BRCA
sample_475,LUAD
sample_572,BRCA
sample_34,PRAD
sample_688,BRCA
sample_661,PRAD
sample_311,BRCA
sample_94,BRCA
sample_466,COAD
sample_118,BRCA
sample_205,PRAD
sample_194,LUAD
sample_406,BRCA
sample_484,BRCA
sample_189,LUAD
sample_264,COAD
sample_108,LUAD
sample_647,KIRC
sample_409,BRCA
sample_528,BRCA
sample_236,KIRC
sample_557,PRAD
sample_170,KIRC
sample_369,KIRC
sample_174,BRCA
sample_674,PRAD
sample_790,BRCA
sample_49,LUAD
sample_266,LUAD
sample_571,PRAD
sample_240,KIRC
sample_464,COAD
sample_301,BRCA
sample_166,COAD
sample_100,BRCA
sample_623,KIRC
sample_404,PRAD
sample_622,BRCA
sample_378,BRCA
sample_143,KIRC
sample_750,BRCA
sample_722,BRCA
sample_195,BRCA
sample_142,BRCA
sample_631,BRCA
sample_414,COAD
sample_626,BRCA
sample_233,BRCA
sample_709,PRAD
sample_172,BRCA
sample_430,KIRC
sample_112,LUAD
sample_782,BRCA
sample_198,LUAD
sample_733,KIRC
sample_12,PRAD
sample_425,PRAD
sample_284,LUAD
sample_630,BRCA
sample_504,KIRC
sample_476,BRCA
sample_629,BRCA
sample_182,BRCA
sample_41,PRAD
sample_651,BRCA
sample_54,COAD
sample_777,KIRC
sample_151,LUAD
sample_399,KIRC
sample_92,BRCA
sample_728,BRCA
sample_356,BRCA
sample_768,BRCA
