gene,anova_f_score
gene_9175,3836.2526805527623
gene_9176,2978.369118320888
gene_220,2704.4451240749872
gene_219,2677.586717222311
gene_15895,2652.677801863312
gene_14114,2356.739799674519
gene_18135,2151.056888056389
gene_15898,1945.8378509480028
gene_13818,1944.1127885427193
gene_3439,1870.9364691305868
gene_7421,1814.5051772884267
gene_6733,1737.5775048909843
gene_7964,1713.826475689755
gene_3737,1639.7526967686172
gene_16169,1627.4636482100796
gene_450,1557.1414827066533
gene_3921,1531.0133748477379
gene_1858,1500.8942920456152
gene_3523,1464.687719432405
gene_19153,1453.5890635063374
gene_16132,1433.311161270896
gene_12995,1430.0880280327078
gene_7896,1427.4981777490855
gene_12808,1417.1377603062122
gene_203,1408.2216641959096
gene_2037,1386.4706710650958
gene_1510,1362.1588683450766
gene_15896,1362.1399471590048
gene_16392,1356.3597112173472
gene_11903,1329.1113035629744
gene_16342,1320.903798321412
gene_13976,1318.3062591405287
gene_3461,1306.5751893970466
gene_7965,1272.4525929052973
gene_11566,1204.1289656136457
gene_16246,1196.7014588540435
gene_16130,1196.6275706871427
gene_16358,1194.2484559872794
gene_14503,1146.1054212996683
gene_2288,1144.0471238318792
gene_9626,1126.7953678281474
gene_15894,1109.4118943797557
gene_7116,1026.3240125959646
gene_19236,991.5504298923778
gene_11059,984.96086098043
gene_19159,976.7553192124493
gene_5829,975.3959885146817
gene_16337,968.9043245480492
gene_16131,964.7050736192648
gene_12848,964.006969799268
gene_7238,953.3036264494947
gene_6816,939.2468008611824
gene_7560,930.837364410355
gene_12847,923.0638346550411
gene_11550,914.7593717200959
gene_5729,912.6043199254258
gene_13210,912.3608286388535
gene_5625,907.6378882028731
gene_3970,906.5918005923403
gene_12881,896.7887829674236
gene_3862,886.8644860510759
gene_18,885.9974340440925
gene_16377,883.6610151309245
gene_16259,872.214292871233
gene_9177,867.8739735577657
gene_3524,865.2775685122868
gene_4442,864.387974160106
gene_12078,863.1539156755871
gene_12568,857.159743796616
gene_18746,855.2413288392526
gene_12013,855.2082477767289
gene_8348,853.9114582147755
gene_10284,851.8438262056827
gene_15591,846.6444374075808
gene_17751,846.2166471099792
gene_14798,843.0961036566928
gene_18636,842.6221626490623
gene_17801,841.8988289861703
gene_13507,840.7702930305272
gene_5577,829.4982265787073
gene_8003,816.8016331714983
gene_5576,811.6371417156463
gene_11910,800.8581148861372
gene_9173,791.502820563453
gene_6361,791.0192458397331
gene_18042,789.8896761429843
gene_15897,771.4928945170066
gene_628,752.7885351478801
gene_2129,750.2943404554576
gene_11449,749.6610341724328
gene_5657,748.2511964932386
gene_6890,747.900401973616
gene_16061,743.4993434219231
gene_15899,739.5002226252608
gene_15161,738.9798677343086
gene_17664,735.0710637361494
gene_17906,734.0752343943632
gene_1482,732.9912840630445
gene_775,724.9371116896315
gene_14190,723.6075020018471
gene_8349,713.687865582977
gene_19201,713.5651044570645
gene_18632,709.3122770868325
gene_12069,708.6270984376541
gene_30,704.511040417626
gene_3861,698.8093176031336
gene_742,696.9136566243012
gene_11464,690.0605941250795
gene_14427,682.504853547351
gene_8801,680.1696102573284
gene_4456,679.7696309786493
gene_1189,674.2267867938684
gene_16133,673.4294589406114
gene_4223,671.9928288282323
gene_6594,667.9452095197882
gene_18091,661.674129510243
gene_9184,658.0884269609662
gene_16155,656.711147259875
gene_16449,655.7474842253939
gene_13497,652.9632228566167
gene_3217,641.1825944254568
gene_10809,640.5171761420294
gene_3860,637.7709172897574
gene_3453,635.9225240955892
gene_5407,631.1043836827997
gene_15736,629.8637753375573
gene_2639,628.5335340332996
gene_8005,623.5864659711831
gene_4046,623.0590328879713
gene_18745,620.5617000239869
gene_6734,618.3510917071994
gene_10841,617.513643854132
gene_3440,617.2297086533989
gene_145,616.6667809440327
gene_11124,613.534530222757
gene_18381,609.9197121454813
gene_11259,608.2072654893018
gene_17585,605.5356321018609
gene_6584,604.3441164834292
gene_17168,604.1173375547818
gene_9652,603.2069507554271
gene_6876,602.6998948244737
gene_2638,593.4675567196998
gene_1923,592.567156109855
gene_15633,590.2141502219081
gene_223,588.5814971208475
gene_8776,587.7456932659173
gene_18290,582.337739493014
gene_11393,580.1681027782457
gene_180,578.7815281304357
gene_2774,578.2957268711784
gene_17109,577.6615654291184
gene_18051,573.1156056144653
gene_4178,571.6169537664359
gene_17904,570.7391111431605
gene_16391,569.07219180659
gene_12977,568.2858804941626
gene_3219,568.0238034954557
gene_5597,565.5884135080711
gene_5021,562.9661844275709
gene_10950,562.8261759752443
gene_2811,562.7033476743426
gene_5199,561.4892012888344
gene_9711,558.1946421227384
gene_16372,554.6875624685185
gene_13998,554.34169889846
gene_16156,553.1208202197623
gene_11352,551.5236169851906
gene_9927,550.1873467018983
gene_18676,549.8758981079509
gene_6593,548.1617423844851
gene_7992,547.6664143201376
gene_18282,545.4964680861661
gene_4578,545.0567498519724
gene_8616,545.0226881674656
gene_16105,543.1504115118244
gene_5830,543.1230447586167
gene_18178,540.6558892824496
gene_10098,539.5393125546684
gene_148,539.0942266175645
gene_13809,538.2648439266295
gene_3843,536.7646629606755
gene_6935,533.0352414326718
gene_6836,530.9067955515287
gene_16316,529.3625615021216
gene_2778,526.447310115574
gene_14467,525.6546198321954
gene_11713,525.5994393252112
gene_1663,524.9667995367444
gene_17316,524.5638344804623
gene_7792,519.9834404109287
gene_18285,519.7125359602652
gene_16363,519.6131476717667
gene_1096,518.7025324454733
gene_4640,518.3222547707641
gene_2318,518.2098089905435
gene_753,517.0163273395051
gene_7963,516.7303873319813
gene_4224,514.2067279531234
gene_6937,514.105454940945
gene_7625,513.9759752822671
gene_18214,513.0306606225905
gene_3541,509.8035928299202
gene_7954,509.43141580977505
gene_12079,508.61275407190357
gene_4170,507.4534025192773
gene_15900,507.19220329743814
gene_8906,502.21861410970115
gene_17837,498.53587316599845
gene_13202,498.42236985279584
gene_5442,498.10261692292227
gene_3458,497.6136456292294
gene_13833,494.11914637638256
gene_3229,492.9465017498612
gene_8794,487.38176062412936
gene_14444,486.5708317547562
gene_14866,484.69565821013066
gene_7554,483.0305061250887
gene_2054,480.91039366220366
gene_6611,478.37308706241663
gene_6789,477.0182332105043
gene_3730,473.8885232892132
gene_3472,472.0364899051167
gene_19151,470.6168331104456
gene_1448,469.39618834885897
gene_6487,468.8253869177168
gene_5988,467.23974475954617
gene_1515,467.17325407360903
gene_13950,467.1236586311667
gene_951,466.3042206892427
gene_1149,465.64381193036957
gene_18650,463.2607441847835
gene_15424,462.37490365397343
gene_8004,461.92123959007785
gene_14767,458.9600862356094
gene_9232,458.13680369454596
gene_18333,457.8422151908152
gene_12068,456.56731701795337
gene_19563,455.8135226501089
gene_439,455.752729655921
gene_19606,454.4092506607741
gene_6748,452.8991962469689
gene_89,452.40996965839935
gene_15803,450.86075648261027
gene_18753,449.89215122492595
gene_5581,449.3041221999638
gene_2506,448.9038348022865
gene_1309,447.3126753985839
gene_14177,446.7128286736953
gene_7396,445.57725016578337
gene_18740,445.2143031196991
gene_2105,444.4561290226981
gene_9979,444.3457955333171
gene_12262,444.34356592773867
gene_11916,441.75297366365646
gene_9706,440.67173513367106
gene_545,440.3811740256643
gene_15912,440.06437999973855
gene_592,439.5535404171555
gene_5050,437.49340514924495
gene_16088,437.0330131005754
gene_3619,436.3327737516132
gene_16272,435.91300719477573
gene_19623,435.60895337545406
gene_19914,435.59730503529414
gene_1216,435.38991069823027
gene_8831,432.13359685234434
gene_1122,430.2788590048165
gene_20392,427.92783063859275
gene_16118,427.49665104871394
gene_1795,427.1109620396325
gene_6926,427.0197104038542
gene_7649,426.6027598443887
gene_15089,426.3897499905222
gene_2073,425.86800173958966
gene_16115,425.5531019041335
gene_845,425.1268082966142
gene_19373,424.8742842203332
gene_9214,422.81205682423496
gene_18810,422.4785742952288
gene_3645,421.9576447104794
gene_4288,421.59522795493666
gene_5765,421.51897945615383
gene_18216,418.1548533310768
gene_5709,418.142791779145
gene_2928,417.62509338118923
gene_3369,416.9363445921251
gene_18447,416.6149562034577
gene_10690,415.7095609118147
gene_2575,414.23524308206544
gene_17441,413.1506577508484
gene_18212,412.71866471792623
gene_17836,412.05634645621654
gene_10460,410.9052934974795
gene_3010,410.46573203223903
gene_8941,409.544260286231
gene_16255,409.44407741480444
gene_10646,408.91406536342464
gene_11652,406.8437209592913
gene_10279,406.4504755941841
gene_13355,406.2232495676974
gene_16379,404.83979833706667
gene_7490,403.8142169124308
gene_6719,401.9514140018913
gene_5667,401.66806459979944
gene_8013,400.48016020632497
gene_6101,400.1896199687645
gene_15577,400.0787178656777
gene_13111,399.88862869799397
gene_1735,398.96490126615805
gene_3434,398.7549310611397
gene_3958,397.9555291790856
gene_7932,397.2320584495626
gene_18335,395.15199230493624
gene_8596,394.6916955282172
gene_7379,394.6909556179051
gene_16064,393.90595045943394
gene_553,393.46538671094345
gene_15589,393.2418159121124
gene_11250,392.25829532225305
gene_15302,392.0835302058232
gene_8988,391.2954202989411
gene_11474,391.1703086836073
gene_8031,389.0298385373672
gene_6830,388.925473879174
gene_14845,387.86620300239946
gene_13613,387.72849919027294
gene_1410,387.6170623224956
gene_4918,386.4991193786378
gene_8350,386.35088615625045
gene_15893,384.273036272971
gene_19356,384.12473344092496
gene_544,383.64849790686156
gene_13076,382.60925208380536
gene_4210,382.28440649327223
gene_15987,381.30432311870874
gene_4422,381.1640686753582
gene_768,380.80843942743655
gene_10061,380.2269542868524
gene_4954,379.79885913155914
gene_740,379.6637190723851
gene_9608,379.6172016873248
gene_4274,379.13099563171505
gene_16402,378.4426325728941
gene_8800,378.2799345020167
gene_17426,377.8894229972951
gene_6996,377.85529304346903
gene_17818,377.4657941558093
gene_6530,376.76028081619137
gene_4587,375.8596107613017
gene_5645,375.8593679465527
gene_2382,375.4200644691598
gene_8076,375.2889448722258
gene_13358,375.28040294937085
gene_15983,375.2414888947829
gene_3540,374.9397283054141
gene_16388,374.6626869720238
gene_15473,373.990114572218
gene_7026,373.85079536657935
gene_12983,372.6530484014291
gene_550,372.4147375492436
gene_6760,371.1477675380329
gene_13527,370.7568660956098
gene_8043,369.9547071689191
gene_13916,369.56285455958573
gene_1509,369.16820895621
gene_16173,368.1125397906404
gene_2448,365.8771816771707
gene_1679,365.75883075518885
gene_11345,365.5904267026138
gene_19190,365.4778983895716
gene_14092,364.93187951671155
gene_14213,364.06162908507116
gene_9197,363.74823350149666
gene_352,363.55015355502115
gene_8014,363.2677295610442
gene_15818,362.75006484153096
gene_5017,362.4709500752391
gene_2620,362.17216700774816
gene_7113,361.7844731678751
gene_17060,361.6350601238857
gene_4057,360.8024386763257
gene_2543,360.67066597633885
gene_2196,359.67523948855387
gene_9529,359.63166971813786
gene_14523,359.21821489130286
gene_8597,358.89003627113067
gene_17769,356.7397025895563
gene_14685,356.3101469237734
gene_2747,355.6708692818121
gene_919,355.1185783286808
gene_5722,354.9226265716201
gene_1462,354.8284091881582
gene_7176,354.67127357116806
gene_5410,354.24875192666025
gene_14673,353.81842219173234
gene_8408,353.17093363414386
gene_17477,353.0496366576085
gene_2167,352.4826089431627
gene_10921,352.03250874914914
gene_17613,351.98758925163116
gene_9075,351.9498252484297
gene_8607,351.897389961416
gene_7031,351.3669407359024
gene_9831,350.9830049397638
gene_18771,350.6842903480155
gene_4881,350.3222615129552
gene_13217,350.2590953042953
gene_4737,350.165158955988
gene_18407,350.0795656450725
gene_1315,349.9879437635988
gene_2851,349.8575163026197
gene_10290,349.3500917011474
gene_16123,349.2509047589069
gene_11349,348.3647898661389
gene_6072,348.1545833496947
gene_1376,347.95989764673436
gene_10218,347.9268002395838
gene_9362,347.7075553605046
gene_2279,347.6846989959006
gene_221,347.4981839208603
gene_4580,346.86566102906835
gene_15843,346.7018295266173
gene_14199,346.6893897363643
gene_4866,346.16501529011373
gene_19339,345.4867208112599
gene_4584,345.30386658833993
gene_10428,344.7785388878465
gene_10411,344.44177024581217
gene_2822,343.9756856239059
gene_12018,343.8714219881697
gene_2844,343.80285963269296
gene_19343,343.6161446697755
gene_18089,343.12533985199235
gene_3554,343.0028464004923
gene_14823,342.38171507928433
gene_15437,342.2786499515011
gene_1759,342.183503895337
gene_8322,341.1520557601727
gene_3754,340.9212026772717
gene_17458,340.79664332384164
gene_14122,338.35492517857824
gene_17771,338.0829512668799
gene_380,338.0399710633503
gene_13639,337.92193912198405
gene_18741,337.8145217601747
gene_6838,336.8971783307315
gene_888,336.7409218394992
gene_5941,336.6520267189385
gene_3785,336.4055348783319
gene_15380,336.30937146740496
gene_20208,335.917815598959
gene_1058,334.95748287668954
gene_1788,334.3647785103129
gene_793,333.90130046544397
gene_5632,333.65826080822575
gene_1123,333.52904409441413
gene_19669,333.150492381088
gene_8032,332.8614758916743
gene_3695,331.82170386906097
gene_8598,331.8046848716955
gene_19148,330.81994500696146
gene_5752,330.7100087398541
gene_17048,330.3429488108024
gene_4625,329.84252361174265
gene_6160,329.2470139026256
gene_9564,329.01479326322584
gene_6330,328.9556644561099
gene_6556,328.24177483247104
gene_14780,327.804169344027
gene_13190,327.67206029041506
gene_18108,327.4072608617356
gene_9930,327.39901050823545
gene_1565,327.311739286078
gene_10421,327.291156893908
gene_14031,326.45872889816206
gene_6226,326.1107422810687
gene_2107,325.76833173230045
gene_1664,324.82895868631607
gene_2347,324.2528849704129
gene_15996,324.1942712568347
gene_19193,323.79968590606154
gene_20079,323.4811841545689
gene_10353,323.33409979184756
gene_16424,322.97931323121605
gene_16179,322.618580600044
gene_11388,322.01334721810247
gene_5144,321.97356835923705
gene_6308,321.9518868471951
gene_17331,321.59088458236374
gene_17643,321.3499154501293
gene_2303,320.9431665138009
gene_18905,320.4623516315969
gene_5202,320.17709387161125
gene_6265,319.46504841763874
gene_8741,319.18682573640467
gene_13687,318.8468473439326
gene_18217,318.7420831174046
gene_2938,318.67352428224416
gene_18383,318.4745833940175
